student_id,study_hours_per_week,attendance_rate,past_exam_score,assignments_completed,sleep_hours,study_group,prep_course,final_exam_score
STU_1001,21.2,55.4,65.0,8,7.8,Yes,None,71.1
STU_1002,15.3,80.3,64.5,8,6.4,No,Completed,68.2
STU_1003,14.6,92.0,92.1,8,7.6,Yes,None,78.8
STU_1004,14.6,73.2,72.7,5,6.7,No,Completed,64.5
STU_1005,34.2,66.4,91.0,7,6.2,Yes,Completed,82.7
STU_1006,24.0,96.6,71.1,5,6.3,No,Completed,83.8
STU_1007,12.8,96.4,74.6,10,7.6,Yes,Completed,83.2
STU_1008,21.6,65.5,79.5,9,7.6,No,Completed,75.1
STU_1009,18.7,84.9,79.0,1,7.5,No,Completed,78.4
STU_1010,4.9,95.7,79.4,8,6.9,Yes,None,77.4
STU_1011,9.2,71.1,62.2,9,7.1,No,None,60.1
STU_1012,19.4,88.3,88.5,4,8.0,No,None,73.5
STU_1013,32.6,63.5,82.7,7,5.5,No,None,82.5
STU_1014,14.6,81.6,78.3,9,7.1,No,Completed,78.9
STU_1015,52.5,82.0,84.1,1,7.2,No,None,91.6
STU_1016,17.5,78.4,78.0,8,7.9,Yes,None,81.5
STU_1017,11.8,85.2,73.4,5,5.6,Yes,Completed,75.2
STU_1018,14.1,75.4,62.2,9,8.7,No,None,69.8
STU_1019,16.4,86.3,77.0,10,7.3,Yes,Completed,82.3
STU_1020,9.0,83.4,72.9,9,7.4,No,None,72.5
STU_1021,24.7,45.0,77.3,7,6.7,No,None,72.3
STU_1022,8.1,77.7,56.6,8,7.7,Yes,Completed,63.6
STU_1023,7.5,89.8,76.7,8,7.2,Yes,Completed,82.5
STU_1024,18.3,86.5,69.9,6,8.4,No,None,72.7
STU_1025,23.7,88.2,82.6,8,5.5,Yes,None,83.9
STU_1026,18.0,87.0,80.7,1,7.3,No,Completed,80.4
STU_1027,15.5,73.6,73.2,7,7.5,Yes,None,72.9
STU_1028,14.0,89.3,82.9,5,6.9,No,Completed,84.8
STU_1029,12.8,78.0,65.3,4,6.7,Yes,None,72.5
STU_1030,27.4,86.2,88.9,3,6.7,No,None,83.4
STU_1031,19.5,83.4,72.7,8,7.3,Yes,Completed,74.2
STU_1032,13.4,90.3,66.4,6,5.1,No,Completed,75.8
STU_1033,11.3,74.0,70.5,8,8.2,Yes,Completed,79.2
STU_1034,22.4,81.2,63.5,2,6.6,No,Completed,85.3
STU_1035,27.1,73.7,79.7,6,7.2,No,Completed,86.8
STU_1036,25.9,94.2,80.8,7,7.5,Yes,None,75.6
STU_1037,10.3,94.5,85.9,8,6.5,Yes,Completed,86.6
STU_1038,14.0,70.3,77.0,6,7.0,Yes,None,82.9
STU_1039,12.7,58.2,59.3,8,4.9,No,None,61.5
STU_1040,15.0,65.9,65.9,9,7.9,No,None,65.5
STU_1041,24.5,45.0,73.5,7,8.3,Yes,None,75.9
STU_1042,31.2,90.0,89.3,5,5.2,Yes,Completed,92.1
STU_1043,19.8,32.0,73.5,1,6.7,Yes,None,69.3
STU_1044,11.5,62.5,78.2,8,5.7,No,None,66.0
STU_1045,16.2,79.4,74.9,1,6.9,Yes,None,75.5
STU_1046,34.0,68.1,81.5,8,7.8,No,Completed,88.0
STU_1047,17.3,74.2,83.7,7,8.2,Yes,None,74.3
STU_1048,14.1,46.7,64.5,9,8.3,No,None,65.4
STU_1049,14.7,86.4,79.4,8,8.5,Yes,Completed,81.3
STU_1050,19.8,72.6,72.8,10,6.9,Yes,Completed,81.0
STU_1051,10.5,67.2,66.6,6,5.8,No,None,55.6
STU_1052,12.5,97.3,79.0,8,7.0,No,None,78.6
STU_1053,25.7,68.4,71.3,6,7.8,No,None,78.3
STU_1054,19.5,96.4,80.0,7,5.8,Yes,None,80.0
STU_1055,17.4,66.5,65.5,8,8.9,Yes,Completed,68.7
STU_1056,26.3,62.8,73.6,8,8.1,No,None,72.6
STU_1057,11.2,91.4,79.9,10,6.9,No,None,81.0
STU_1058,13.8,66.8,67.4,8,6.3,Yes,Completed,66.5
STU_1059,19.2,86.5,78.4,6,6.4,Yes,Completed,79.2
STU_1060,18.9,90.7,80.3,6,7.2,Yes,None,79.1
STU_1061,7.1,88.5,77.8,8,6.8,No,Completed,71.4
STU_1062,13.1,71.9,71.6,5,8.1,Yes,None,67.3
STU_1063,15.1,82.0,83.4,3,6.7,Yes,Completed,74.0
STU_1064,20.2,84.0,63.4,6,7.7,Yes,Completed,80.9
STU_1065,18.8,45.7,88.6,5,7.1,Yes,Completed,82.7
STU_1066,15.9,79.7,69.4,5,7.4,Yes,None,64.5
STU_1067,4.9,89.9,77.0,5,6.8,Yes,None,81.4
STU_1068,16.3,92.1,72.2,2,7.9,Yes,None,85.3
STU_1069,17.0,89.2,82.8,0,7.9,No,None,73.1
STU_1070,45.0,79.6,87.6,10,7.6,Yes,Completed,100.0
STU_1071,14.9,89.8,73.1,6,7.8,Yes,None,73.5
STU_1072,19.2,75.1,83.0,6,6.1,No,None,76.0
STU_1073,28.4,95.6,82.7,8,7.5,No,None,78.5
STU_1074,23.9,89.6,84.6,5,8.5,Yes,Completed,25.0
STU_1075,31.8,76.0,73.7,9,7.6,Yes,None,79.1
STU_1076,7.1,77.5,71.6,8,6.0,Yes,Completed,75.7
STU_1077,9.4,81.7,87.7,3,7.0,No,Completed,76.1
STU_1078,12.1,83.1,81.8,6,7.5,No,None,82.6
STU_1079,6.4,90.3,77.0,8,6.3,No,None,79.7
STU_1080,17.1,96.2,76.9,9,5.6,No,Completed,88.8
STU_1081,9.8,72.1,71.9,7,6.8,No,Completed,75.5
STU_1082,33.8,77.1,82.5,7,6.3,Yes,None,82.4
STU_1083,10.6,67.1,73.6,4,7.1,Yes,None,74.4
STU_1084,13.9,68.3,64.4,10,5.3,No,None,63.2
STU_1085,24.5,81.5,83.6,5,7.7,No,None,85.3
STU_1086,8.0,73.7,63.6,9,6.4,Yes,None,71.6
STU_1087,6.2,74.6,82.2,8,8.2,No,Completed,71.1
STU_1088,18.1,74.5,69.6,7,6.8,Yes,None,77.7
STU_1089,58.0,71.7,90.3,7,7.1,Yes,None,100.0
STU_1090,24.2,64.8,81.7,5,6.9,Yes,Completed,70.0
STU_1091,21.4,97.1,80.0,4,6.3,Yes,None,87.5
STU_1092,19.2,72.2,77.2,5,9.8,No,Completed,74.7
STU_1093,11.3,80.1,84.0,4,6.6,Yes,None,73.4
STU_1094,18.6,86.1,82.0,8,8.2,No,None,72.3
STU_1095,19.2,79.3,79.0,6,5.9,No,None,73.4
STU_1096,11.1,92.7,65.3,2,7.5,No,None,69.8
STU_1097,38.4,72.8,75.1,10,7.6,Yes,None,76.4
STU_1098,20.9,61.9,80.1,9,7.1,Yes,None,77.2
STU_1099,9.4,80.2,77.3,9,6.5,Yes,None,77.0
STU_1100,24.3,61.0,78.8,10,6.8,No,Completed,86.7
STU_1101,26.3,66.9,80.4,4,6.7,No,None,69.7
STU_1102,20.3,98.0,90.6,6,9.7,Yes,Completed,91.2
STU_1103,14.5,84.6,74.4,8,7.1,No,None,72.5
STU_1104,10.8,69.7,72.0,8,7.7,Yes,None,75.9
STU_1105,15.8,91.2,71.1,4,9.1,No,None,70.0
STU_1106,19.6,62.9,63.6,8,6.1,Yes,Completed,79.5
STU_1107,16.6,88.8,66.5,5,7.1,No,Completed,64.6
STU_1108,32.5,78.5,74.8,5,6.8,Yes,None,75.6
STU_1109,22.5,87.1,90.5,7,7.0,No,Completed,88.9
STU_1110,10.2,89.3,65.0,7,6.9,No,Completed,64.1
STU_1111,8.9,86.8,72.7,7,6.3,No,Completed,67.8
STU_1112,21.0,74.0,66.8,3,7.3,Yes,None,70.1
STU_1113,14.6,68.6,68.1,8,5.9,Yes,None,73.6
STU_1114,23.4,77.9,78.9,5,8.2,Yes,Completed,75.5
STU_1115,20.9,45.0,63.7,4,7.8,Yes,Completed,71.4
STU_1116,15.9,28.5,70.3,9,6.6,Yes,Completed,73.4
STU_1117,10.2,79.5,84.2,9,6.6,No,None,71.9
STU_1118,6.6,79.8,56.5,8,7.4,No,None,57.2
STU_1119,18.4,74.7,70.3,8,6.2,Yes,Completed,80.4
STU_1120,7.9,85.9,74.7,8,9.1,Yes,Completed,77.5
STU_1121,10.0,60.3,76.5,7,7.5,Yes,Completed,81.9
STU_1122,17.9,79.1,72.9,3,7.5,No,None,65.2
STU_1123,17.0,79.4,75.7,6,7.8,Yes,None,76.0
STU_1124,8.5,85.3,66.2,6,6.5,No,Completed,71.3
STU_1125,27.7,82.2,69.5,5,8.3,Yes,Completed,81.4
STU_1126,27.3,79.9,89.6,8,7.2,No,Completed,72.9
STU_1127,21.3,73.5,63.1,7,8.1,No,None,65.8
STU_1128,21.3,78.5,93.4,3,6.9,Yes,Completed,95.3
STU_1129,21.3,96.5,86.7,5,8.5,No,None,85.7
STU_1130,45.0,98.1,95.0,8,7.5,Yes,None,100.0
STU_1131,26.2,91.9,86.2,3,9.5,No,Completed,82.2
STU_1132,22.8,81.0,76.5,8,6.7,Yes,Completed,86.2
STU_1133,10.7,77.1,75.8,7,7.3,No,Completed,70.9
STU_1134,14.5,62.4,69.4,7,6.0,No,None,66.3
STU_1135,45.0,85.4,91.0,7,6.5,No,None,91.6
STU_1136,5.1,71.5,69.4,8,7.8,No,None,57.7
STU_1137,12.8,56.8,62.0,6,8.3,Yes,None,59.4
STU_1138,27.8,79.8,73.6,8,10.0,Yes,Completed,86.5
STU_1139,11.1,97.5,71.4,7,7.0,Yes,None,74.5
STU_1140,23.1,61.5,80.3,5,6.1,Yes,None,73.0
STU_1141,16.9,83.3,72.4,8,7.9,No,Completed,71.4
STU_1142,11.5,84.0,61.6,8,5.9,Yes,None,67.1
STU_1143,4.5,80.4,74.5,8,7.7,No,None,74.2
STU_1144,18.2,87.4,88.8,8,6.5,No,None,77.1
STU_1145,10.6,65.8,75.6,8,7.3,No,None,66.3
STU_1146,15.5,75.5,70.1,8,8.3,Yes,None,72.9
STU_1147,21.2,81.8,66.8,8,7.0,No,None,64.2
STU_1148,25.1,67.1,74.6,8,8.1,No,Completed,68.2
STU_1149,12.7,68.2,70.4,8,8.1,Yes,Completed,69.8
STU_1150,11.5,79.2,67.0,7,5.0,No,None,66.8
