student_id,program,year,age,residence,study_hours_week,sleep_hours,caffeine_cups_day,social_media_hours_day,part_time_job_hours_week,commute_minutes,stress_score,exam_score
CS-0400,Business,3,20,Hostel,18.0,8.8,0,0.7,0.0,13.0,2.2,73.2
CS-0507,Data Science,2,19,Hostel,19.0,6.9,0,0.8,4.0,9.0,3.1,58.5
CS-0449,Business,1,19,Hostel,16.7,8.0,1,4.0,0.0,11.0,7.2,71.6
CS-0489,Data Science,1,18,Hostel,11.0,7.3,2,1.8,0.0,12.0,4.3,62.5
CS-0014,Business,4,22,Hostel,10.6,5.1,2,3.4,0.0,7.0,2.5,64.1
CS-0313,Business,1,19,Hostel,10.6,7.0,2,1.3,0.0,8.0,4.0,72.4
CS-0254,Data Science,2,20,Commuter,25.9,7.8,1,3.7,7.0,93.0,5.6,70.8
CS-0011,DS,4,21,Commuter,15.6,4.6,2,3.6,23.0,152.0,6.2,46.5
CS-0138,BUSINESS ,4,22,Home,17.0,6.3,2,2.8,0.0,12.0,6.6,79.3
CS-0119,Business,3,21,Hostel,7.8,7.5,1,4.2,0.0,9.0,6.0,73.6
CS-0377,Business,1,19,Home,18.2,5.8,2,4.5,19.0,14.0,7.4,68.6
CS-0502,Business,4,22,Hostel,11.8,5.9,3,3.4,14.0,11.0,8.4,68.0
CS-0298,Business,4,21,Commuter,18.8,7.6,2,4.1,17.0,41.0,6.1,74.4
CS-0348,Engineering,2,19,Hostel,24.6,7.8,1,2.0,7.0,19.0,6.2,64.0
CS-0241,engineering,2,19,Hostel,26.8,8.3,0,1.5,0.0,25.0,3.8,65.7
CS-0163,Business,2,19,Commuter,18.2,6.0,1,4.4,0.0,43.0,7.3,74.6
CS-0478,Business,4,21,Home,9.2,6.5,0,4.5,0.0,20.0,5.8,72.9
CS-0211,design,2,20,Home,2.8,7.1,1,2.8,21.0,17.0,4.2,76.3
CS-0018,Engineering,1,19,Commuter,25.5,6.0,3,3.9,0.0,89.0,6.0,57.7
CS-0260,Design,4,22,Hostel,16.3,6.3,1,2.3,0.0,18.0,4.2,87.3
CS-0179,Business,4,22,Hostel,15.4,6.4,2,3.8,0.0,5.0,6.7,74.2
CS-0224,Engineering,1,18,Home,32.5,7.3,1,2.9,0.0,31.0,4.3,63.8
CS-0448,Design,2,19,Home,1.0,6.7,2,4.7,7.0,37.0,6.7,79.4
CS-0132,Engineering,2,20,Hostel,27.6,8.2,2,1.8,0.0,22.0,,60.7
CS-0440,Biz,3,21,Commuter,8.0,5.7,3,2.8,10.0,45.0,5.2,71.0
CS-0437,BUSINESS ,2,19,Commuter,6.4,5.1,1,2.4,0.0,24.0,5.6,66.9
CS-0193,Business,4,21,Home,15.4,6.5,1,3.7,0.0,32.0,6.1,78.1
CS-0293,Data Science,2,19,Hostel,16.9,6.6,4,2.8,0.0,9.0,10.0,48.1
CS-0072,Data Science,1,19,Hostel,29.0,7.1,1,3.4,0.0,11.0,7.4,65.9
CS-0110,Design,1,18,Commuter,9.3,5.4,3,3.2,9.0,118.0,6.2,80.5
CS-0218,Engineering,3,20,Hostel,25.0,-7.5,4,4.5,0.0,17.0,6.9,58.7
CS-0200,Data Science,3,21,Hostel,18.1,6.2,0,3.0,10.0,12.0,5.7,68.4
CS-0250,Business,2,19,Commuter,18.1,4.7,0,1.9,20.0,39.0,4.8,64.5
CS-0274,Business,4,22,Commuter,5.2,6.4,2,1.5,15.0,81.0,3.9,62.5
CS-0384,Business,1,18,Hostel,11.0,7.1,0,1.8,0.0,5.0,8.6,71.5
CS-0373,Engineering,1,19,Commuter,25.4,,3,4.1,15.0,111.0,,56.8
CS-0013,Design,3,21,Home,9.8,6.3,1,1.0,21.0,59.0,1.0,50.4
CS-0060,Business,2,19,Hostel,18.3,8.4,0,0.3,0.0,28.0,3.0,74.1
CS-0468,Design,4,21,Commuter,1.0,4.8,0,3.2,13.0,116.0,5.5,76.0
CS-0487,Business,1,18,Hostel,18.6,7.8,2,2.3,0.0,21.0,,72.6
CS-0236,Business,2,19,Commuter,20.4,6.7,1,3.2,0.0,41.0,6.6,81.3
CS-0340,Data Science ,3,20,Hostel,22.1,6.8,2,4.2,0.0,9.0,6.5,66.6
CS-0209,Business,4,21,Commuter,13.9,6.8,0,4.5,20.0,65.0,7.9,64.7
CS-0275,Business,2,19,Hostel,8.9,6.0,0,2.1,28.0,13.0,9.2,36.8
CS-0233,Engineering,2,20,Hostel,33.1,6.6,2,3.4,0.0,14.0,6.0,67.5
CS-0326,Data Science,3,21,Hostel,24.5,6.0,4,4.5,0.0,19.0,1.4,56.4
CS-0311,Data Science,3,20,Commuter,14.2,6.8,6,0.8,0.0,77.0,3.0,55.5
CS-0482,DS,2,20,Commuter,19.1,5.5,2,3.0,13.0,84.0,5.7,59.7
CS-0001,Engineering,2,19,Hostel,30.5,5.2,2,1.1,20.0,21.0,5.9,45.1
CS-0067,Engineering,3,21,Home,28.2,6.2,3,4.7,12.0,21.0,8.7,47.8
CS-0213,Engineering,3,21,Home,24.1,6.6,4,4.1,15.0,23.0,8.4,50.7
CS-0367,Data Science,2,20,Hostel,25.5,7.7,1,1.3,0.0,13.0,5.5,71.6
CS-0225,Data Science,1,19,Home,20.4,7.8,5,2.7,0.0,63.0,4.0,64.4
CS-0144,Business,2,20,Hostel,5.8,7.1,2,3.8,0.0,11.0,5.3,75.2
CS-0382,Business,1,19,Hostel,5.6,5.9,1,2.4,0.0,12.0,5.0,77.1
CS-0189,Engineering,3,21,Home,32.3,6.5,4,3.2,0.0,13.0,,71.7
CS-0029,Engineering,1,18,Home,23.7,,2,3.8,19.0,52.0,4.9,55.5
CS-0498,Design,3,20,Hostel,3.7,,0,2.4,15.0,9.0,5.5,89.5
CS-0157,Engineering,2,20,Home,24.6,7.8,6,3.7,0.0,34.0,7.0,57.1
CS-0057,Design,3,20,Commuter,9.3,4.3,2,2.3,15.0,56.0,5.2,77.3
CS-0284,Engineering,4,21,Hostel,31.9,4.9,4,2.9,18.0,10.0,8.2,41.0
CS-0383,Engineering,1,18,Hostel,29.5,5.4,2,5.8,0.0,10.0,10.0,37.4
CS-0180,Engineering,1,19,Hostel,17.0,6.9,1,1.5,0.0,8.0,2.8,44.1
CS-0031,Business,2,20,Hostel,12.0,6.6,1,3.5,0.0,8.0,9.8,50.7
CS-0246,Engineering,4,22,Commuter,34.3,6.9,3,3.7,0.0,59.0,7.2,62.6
CS-0072,Data Science,1,19,Hostel,29.0,7.1,1,3.4,0.0,11.0,7.4,65.9
CS-0080,Engineering,4,22,Home,23.5,6.1,4,2.6,0.0,32.0,7.1,52.8
CS-0360,Data Science,4,22,Hostel,25.3,7.4,3,1.3,10.0,9.0,9.0,62.5
CS-0139,Engineering,2,20,Commuter,31.2,5.5,2,2.9,18.0,80.0,1.8,40.8
CS-0436,Business,3,20,Hostel,9.1,6.2,0,3.6,0.0,10.0,3.5,70.8
CS-0467,engineering,4,22,Hostel,20.3,8.5,1,4.3,0.0,14.0,8.3,47.5
CS-0196,Engineering,3,20,Commuter,30.6,,1,3.4,6.0,80.0,8.1,56.9
CS-0222,Business,1,18,Home,13.4,4.6,3,2.4,5.0,53.0,7.9,66.7
CS-0354,Biz,3,20,Hostel,18.1,7.3,0,4.6,0.0,15.0,6.1,77.2
CS-0397,Business,1,18,Commuter,17.0,5.9,2,3.0,0.0,65.0,5.4,76.3
CS-0167,Engineering,2,20,Hostel,25.1,7.7,1,1.0,0.0,10.0,3.9,56.9
CS-0159,Engineering,1,18,Commuter,24.9,6.1,1,2.8,0.0,69.0,5.9,50.2
CS-0054,Data Science,2,20,Hostel,12.6,6.9,4,1.2,0.0,30.0,5.1,63.7
CS-0401,Design,4,21,Home,10.8,,0,2.8,12.0,53.0,3.0,74.8
CS-0107,Design,1,19,Hostel,8.8,8.0,1,3.3,0.0,16.0,5.4,87.0
CS-0196,Engineering,3,20,Commuter,30.6,,1,3.4,6.0,80.0,8.1,56.9
CS-0261,Engineering,1,19,Commuter,25.8,6.6,2,4.3,0.0,31.0,6.6,55.7
CS-0471,Data Science,2,20,Commuter,10.7,4.7,2,2.6,6.0,139.0,3.5,49.5
CS-0288,Business,1,19,Hostel,15.2,5.7,2,1.4,0.0,17.0,2.9,69.3
CS-0423,Engineering,2,20,Home,31.1,6.2,4,0.7,0.0,40.0,3.6,61.5
CS-0164,Business,4,22,Home,15.4,5.5,4,5.4,22.0,27.0,7.3,66.4
CS-0091,Business,2,20,Commuter,16.5,4.9,1,2.1,0.0,61.0,6.6,79.1
CS-0248,design,3,20,Hostel,7.9,6.5,2,4.5,0.0,17.0,4.6,83.7
CS-0033,Business,2,20,Home,18.3,5.1,2,4.9,20.0,64.0,10.0,49.0
CS-0421,DS,4,22,Hostel,18.7,8.0,1,1.6,0.0,10.0,1.6,50.7
CS-0417,Engineering,2,19,Hostel,22.2,5.7,1,2.8,0.0,26.0,6.2,59.9
CS-0009,Engineering,2,20,Hostel,34.3,6.1,7,3.7,0.0,10.0,7.2,67.7
CS-0003,Business,1,19,Hostel,15.7,6.3,0,3.3,18.0,8.0,4.2,69.8
CS-0045,Business,3,21,Hostel,17.6,6.3,3,4.6,0.0,17.0,7.2,79.7
CS-0096,Business,4,21,Hostel,14.4,6.9,1,3.1,18.0,8.0,6.3,80.8
CS-0141,Business,4,22,Hostel,19.2,7.3,1,4.9,0.0,15.0,5.6,80.6
CS-0475,Business,2,20,Commuter,17.3,7.8,1,1.9,0.0,104.0,5.4,75.5
CS-0287,Data Science,4,22,Commuter,26.5,6.6,2,2.0,0.0,46.0,7.0,66.3
CS-0453,Engineering,2,19,Hostel,21.2,5.8,2,4.8,0.0,10.0,9.2,33.6
CS-0129,Engineering,4,21,Hostel,26.9,6.6,3,3.9,0.0,8.0,7.9,54.3
CS-0329,Business,1,18,Hostel,13.9,6.7,3,0.3,0.0,10.0,2.3,63.5
CS-0206,Design,3,21,Commuter,7.3,7.1,0,2.8,14.0,50.0,2.8,78.7
CS-0375,Engineering,1,19,Hostel,25.7,7.5,3,1.4,0.0,13.0,3.6,50.2
CS-0508,Data Science,3,21,Hostel,15.2,5.7,1,2.4,13.0,30.0,,65.5
CS-0461,Biz,1,18,Home,18.4,6.8,2,3.0,0.0,28.0,6.1,77.9
CS-0062,Engineering,2,20,Home,32.7,8.3,2,2.7,0.0,54.0,4.1,64.0
CS-0518,Data Science,4,21,Hostel,14.2,7.1,1,0.9,0.0,4.0,1.0,42.8
CS-0481,Data Science,1,18,Hostel,20.2,7.7,1,2.3,0.0,16.0,2.7,60.2
CS-0480,Design,3,21,Commuter,17.2,5.8,3,4.0,4.0,68.0,8.5,77.6
CS-0047,Engineering,2,19,Commuter,19.1,5.8,2,2.8,24.0,81.0,,39.8
CS-0283,Engineering,4,22,Commuter,22.4,7.5,2,2.2,0.0,73.0,8.9,46.4
CS-0483,Business,1,19,Home,11.9,6.7,2,3.4,10.0,31.0,7.1,71.2
CS-0091,Business,2,20,Commuter,16.5,4.9,1,2.1,0.0,61.0,6.6,79.1
CS-0408,Business,2,19,Hostel,16.1,6.4,1,3.2,0.0,16.0,4.5,77.1
CS-0309,Data Science,2,19,Hostel,19.8,8.3,2,3.5,0.0,12.0,6.0,68.0
CS-0135,DS,2,5,Home,9.3,7.1,2,1.8,0.0,13.0,3.1,54.6
CS-0315,Business,3,21,Hostel,18.3,8.8,1,5.7,4.0,17.0,7.4,70.3
CS-0070,Data Science,3,20,Hostel,14.8,,4,5.9,22.0,5.0,8.2,37.6
CS-0142,Engineering,2,19,Hostel,21.4,5.7,5,3.0,0.0,7.0,5.7,58.6
CS-0172,Design,1,19,Hostel,12.4,,0,4.8,16.0,7.0,5.2,88.7
CS-0094,Design,4,21,Home,11.1,5.9,1,2.5,19.0,39.0,2.3,70.7
CS-0492,DS,2,20,Hostel,26.3,6.9,4,2.4,22.0,9.0,3.7,61.8
CS-0123,Business,1,18,Hostel,11.9,6.8,1,2.3,0.0,8.0,8.0,65.4
CS-0320,DS,3,20,Hostel,17.0,8.5,2,3.5,0.0,10.0,6.9,65.5
CS-0276,Data Science,1,19,Hostel,23.0,8.8,2,0.4,8.0,17.0,3.4,64.1
CS-0017,Eng.,1,19,Hostel,24.3,6.0,2,2.4,20.0,8.0,7.0,58.7
CS-0510,Engineering,3,20,Commuter,22.1,7.4,4,2.2,0.0,72.0,6.2,51.3
CS-0253,Data Science,4,21,Hostel,27.8,6.3,3,2.2,0.0,5.0,3.9,66.8
CS-0117,Data Science,1,19,Hostel,18.9,7.8,3,2.5,0.0,10.0,5.4,66.3
CS-0370,DS,4,21,Hostel,18.6,,4,3.5,18.0,10.0,7.1,56.0
CS-0049,Engineering,2,19,Home,30.0,4.6,3,3.7,16.0,30.0,6.2,48.8
CS-0316,Business,1,19,Hostel,15.1,,0,3.4,8.0,15.0,7.7,74.3
CS-0232,Business,4,22,Commuter,10.0,,3,3.8,19.0,138.0,7.4,61.1
CS-0501,Design,3,20,Commuter,13.3,5.9,0,3.6,4.0,146.0,7.0,84.4
CS-0073,Engineering,3,20,Commuter,999.0,8.8,2,4.6,0.0,41.0,7.9,57.2
CS-0249,data science,1,18,Home,20.7,6.8,4,3.1,0.0,46.0,4.7,63.7
CS-0203,Business,1,19,Home,12.3,7.5,2,1.3,0.0,40.0,3.1,67.4
CS-0429,data science,1,19,Hostel,9.8,9.3,2,3.0,10.0,22.0,5.6,59.0
CS-0484,Design,2,19,Home,1.0,6.5,0,2.4,14.0,18.0,1.9,63.3
CS-0178,Business,1,18,Hostel,13.6,6.4,1,3.1,8.0,10.0,6.0,82.5
CS-0399,Engineering,3,20,Home,18.8,5.9,1,3.4,16.0,33.0,8.0,46.0
CS-0413,design,1,19,Commuter,1.7,7.4,5,1.7,0.0,93.0,3.0,70.4
CS-0513,Engineering,2,20,Commuter,27.2,6.6,7,4.2,0.0,42.0,4.9,57.5
CS-0331,Design,3,20,Hostel,11.6,7.0,0,1.8,0.0,24.0,1.9,72.0
CS-0459,Data Science,4,22,Hostel,24.6,6.8,1,2.2,16.0,11.0,4.8,68.7
CS-0005,Business,3,20,Commuter,14.3,5.0,1,2.8,27.0,56.0,7.9,48.1
CS-0404,Business,4,22,Hostel,21.7,7.7,1,3.6,0.0,9.0,5.8,84.0
CS-0170,Design,1,19,Hostel,7.8,7.2,0,1.9,0.0,11.0,5.4,84.5
CS-0113,Data Sci,1,19,Hostel,27.0,7.3,3,3.9,14.0,15.0,8.5,59.8
CS-0216,Business,1,19,Home,10.8,5.7,1,5.0,10.0,45.0,7.3,70.3
CS-0116,Design,3,20,Commuter,14.8,5.9,1,3.1,19.0,121.0,5.3,83.3
CS-0208,Engineering,4,21,Home,29.3,6.5,5,2.5,0.0,11.0,5.3,67.0
CS-0447,Business,4,22,Commuter,16.5,,2,2.0,23.0,58.0,6.5,62.0
CS-0426,Data Science,3,20,Home,31.2,4.9,2,5.0,17.0,33.0,7.4,61.6
CS-0281,data science,1,18,Hostel,18.7,8.2,1,2.0,5.0,29.0,2.6,59.7
CS-0204,Engineering,4,21,Commuter,32.3,6.9,3,1.6,4.0,68.0,6.2,59.9
CS-0457,Design,1,18,Home,8.8,8.2,1,3.3,0.0,31.0,3.2,76.0
CS-0350,Business,1,19,Commuter,18.1,5.6,1,4.4,15.0,51.0,5.1,85.4
CS-0118,Business,3,21,Home,7.5,7.5,0,3.2,9.0,14.0,5.3,75.8
CS-0330,Business,1,18,Hostel,23.2,7.3,1,3.0,22.0,10.0,,78.2
CS-0322,Design,2,19,Commuter,1.0,6.4,0,4.3,0.0,60.0,4.0,72.5
CS-0394,Design,3,21,Hostel,4.0,5.7,1,1.6,0.0,8.0,3.3,75.2
CS-0197,Business,1,19,Home,15.2,6.8,2,4.3,4.0,32.0,7.9,70.6
CS-0310,Design,2,19,Commuter,5.1,7.2,0,0.3,0.0,102.0,2.8,67.8
CS-0242,design,2,20,Hostel,12.7,7.0,0,4.2,0.0,10.0,6.1,87.5
CS-0438,Engineering,1,19,Home,24.8,4.6,4,3.6,18.0,34.0,6.0,49.7
CS-0264,Data Science,2,19,Hostel,19.6,6.6,3,4.9,14.0,11.0,7.4,67.7
CS-0410,Data Science,4,22,Commuter,22.0,7.3,1,2.2,0.0,87.0,4.6,66.5
CS-0435,Engineering,3,20,Commuter,25.0,6.9,3,4.8,13.0,68.0,7.2,57.8
CS-0403,Engineering,2,19,Home,23.5,6.1,2,1.8,0.0,32.0,4.3,63.5
CS-0155,Design,3,20,Home,4.8,5.9,0,0.3,5.0,17.0,1.0,55.1
CS-0223,Business,2,19,Hostel,12.5,,1,3.9,0.0,7.0,7.2,70.6
CS-0149,Data Science,3,20,Home,14.5,7.9,0,3.2,0.0,45.0,5.9,71.5
CS-0231,Engineering,3,20,Commuter,16.0,5.2,5,3.7,13.0,73.0,9.2,32.3
CS-0289,Business,2,19,Commuter,13.2,4.3,2,2.5,14.0,119.0,7.7,64.1
CS-0346,Engineering,2,20,Hostel,18.8,8.3,2,2.9,12.0,20.0,5.6,62.3
CS-0020,Engineering,1,18,Home,21.5,6.2,3,4.1,0.0,29.0,,54.6
CS-0104,DS,1,19,Commuter,21.8,7.0,2,3.1,27.0,80.0,8.3,37.6
CS-0341,Business,2,19,Home,6.9,6.2,2,4.2,23.0,28.0,8.5,49.9
CS-0114,Data Science,2,20,Hostel,8.4,6.5,2,1.8,0.0,13.0,4.0,62.2
CS-0190,engineering,2,20,Hostel,22.8,8.3,3,2.7,0.0,10.0,4.8,63.5
CS-0055,Engineering,2,19,Commuter,23.9,,5,3.0,0.0,67.0,6.8,52.3
CS-0082,business,3,21,Hostel,8.1,7.8,1,1.7,0.0,26.0,4.9,77.0
CS-0442,Biz,4,21,Home,18.1,5.8,3,3.5,14.0,28.0,6.7,78.0
CS-0415,Design,4,21,Commuter,9.9,6.0,1,3.7,0.0,60.0,7.4,82.6
CS-0099,Engineering,3,20,Hostel,26.3,,4,2.6,11.0,9.0,4.2,58.6
CS-0516,Engineering,2,20,Commuter,27.9,7.4,3,3.8,0.0,179.0,9.1,42.6
CS-0357,Design,4,22,Hostel,6.1,6.2,4,3.0,14.0,13.0,5.2,81.3
CS-0473,Engineering,4,22,Hostel,23.9,6.5,2,4.4,0.0,24.0,5.8,59.8
CS-0266,Engineering,4,21,Hostel,28.0,6.6,5,4.1,0.0,11.0,8.9,49.8
CS-0184,Engineering,3,20,Home,19.6,6.9,6,3.9,9.0,37.0,8.3,42.7
CS-0156,Engineering,3,20,Hostel,23.6,7.7,2,3.5,13.0,4.0,9.1,43.4
CS-0007,Data Science,4,22,Hostel,25.2,7.9,3,2.7,0.0,13.0,5.7,74.8
CS-0378,Data Science,2,20,Home,28.4,6.2,2,3.6,0.0,43.0,6.7,75.9
CS-0509,Engineering,2,20,Commuter,26.6,,4,4.4,19.0,45.0,6.8,56.9
CS-0245,Data Science,4,21,Commuter,19.9,6.2,3,5.3,0.0,85.0,7.0,60.1
CS-0270,business,3,20,Commuter,19.5,4.7,1,4.1,0.0,87.0,7.8,62.5
CS-0085,Business,4,22,Hostel,10.9,5.9,3,3.9,14.0,10.0,7.2,69.8
CS-0230,data science,2,20,Home,22.8,7.3,0,3.2,0.0,23.0,5.3,68.1
CS-0028,business,1,19,Commuter,11.0,6.7,0,3.6,0.0,171.0,4.3,66.6
CS-0493,Design,4,22,Hostel,8.6,8.3,1,3.3,0.0,13.0,7.3,71.5
CS-0201,Engineering,2,20,Commuter,28.3,7.6,0,1.9,0.0,82.0,5.5,63.9
CS-0050,Engineering,1,18,Home,22.7,6.7,3,4.7,8.0,27.0,8.0,46.6
CS-0183,Data Science,4,22,Hostel,58.0,7.7,2,3.2,0.0,20.0,9.6,65.8
CS-0339,Business,1,19,Commuter,14.4,4.8,2,2.3,0.0,73.0,3.4,65.2
CS-0466,design,2,20,Commuter,1.3,6.8,2,3.8,0.0,22.0,5.3,80.7
CS-0308,Engineering,3,20,Commuter,33.1,,5,4.1,17.0,96.0,6.1,50.5
CS-0240,Business,4,22,Hostel,19.4,6.5,1,3.5,20.0,4.0,7.4,71.0
CS-0101,Business,4,21,Commuter,10.8,7.0,3,3.1,0.0,155.0,8.3,65.8
CS-0476,Engineering,4,21,Hostel,28.6,5.8,3,4.8,16.0,20.0,9.1,43.8
CS-0244,Design,2,19,Hostel,11.9,6.0,1,1.9,9.0,25.0,4.9,85.9
CS-0066,Data Science,2,20,Hostel,13.8,5.7,4,4.0,26.0,15.0,8.3,40.9
CS-0176,Design,2,19,Home,10.6,8.5,0,1.4,0.0,23.0,4.6,87.0
CS-0395,Business,4,21,Home,13.4,8.0,2,1.6,0.0,30.0,,77.3
CS-0147,Data Science,4,21,Commuter,23.1,6.7,1,2.4,0.0,54.0,7.7,58.4
CS-0212,Engineering,1,18,Hostel,26.5,6.1,1,3.0,21.0,14.0,7.1,50.2
CS-0084,Data Science,4,21,Commuter,22.9,,0,2.5,10.0,81.0,2.9,61.5
CS-0051,Engineering,2,19,Commuter,24.0,6.6,5,2.9,0.0,116.0,6.1,61.2
CS-0210,Business,2,20,Home,13.9,8.1,0,3.9,0.0,52.0,5.9,73.7
CS-0023,Data Science,3,21,Home,23.5,7.6,3,3.9,0.0,19.0,7.6,68.0
CS-0458,Engineering,1,18,Commuter,15.6,6.3,3,4.9,10.0,61.0,8.1,39.0
CS-0299,Business,4,21,Hostel,6.8,5.4,1,2.0,19.0,10.0,2.7,55.0
CS-0106,Business,2,19,Commuter,7.4,6.3,3,3.6,0.0,43.0,6.0,78.5
CS-0168,Data Science,3,20,Hostel,9.4,5.6,2,2.1,15.0,28.0,4.8,59.2
CS-0165,Data Sci,4,22,Hostel,29.8,7.2,1,3.6,0.0,13.0,8.4,65.3
CS-0427,Business,4,22,Commuter,16.4,5.4,0,2.4,0.0,57.0,2.2,64.0
CS-0075,Data Science,4,22,Hostel,24.9,6.0,2,3.5,13.0,13.0,6.2,67.4
CS-0333,Design,1,19,Commuter,9.3,6.4,2,3.6,15.0,32.0,5.0,78.3
CS-0137,Business,1,18,Hostel,11.9,6.1,1,2.4,16.0,10.0,8.6,67.3
CS-0134,Data Science,4,22,Hostel,17.2,6.1,2,3.5,14.0,23.0,10.0,41.4
CS-0292,Design,1,18,Commuter,3.6,4.5,0,1.9,22.0,61.0,6.3,53.8
CS-0256,Data Science,1,18,Hostel,20.0,5.9,4,2.1,0.0,9.0,2.7,63.8
CS-0376,Data Science,3,21,Hostel,16.5,7.3,1,1.5,0.0,6.0,4.8,64.4
CS-0462,Data Science,4,21,Hostel,24.8,5.5,3,1.2,0.0,8.0,4.1,68.3
CS-0097,Data Science,4,21,Hostel,23.5,6.7,3,2.6,0.0,8.0,4.1,68.2
CS-0136,Data Science,2,20,Commuter,22.3,7.5,3,3.0,0.0,61.0,8.4,57.2
CS-0398,Engineering,3,21,Home,26.1,7.5,4,3.2,0.0,38.0,4.8,59.2
CS-0002,Data Science,2,19,Hostel,15.4,5.4,1,6.0,17.0,16.0,7.2,52.8
CS-0506,Business,3,20,Hostel,10.7,7.7,2,2.5,0.0,32.0,5.6,77.5
CS-0388,Engineering,2,19,Commuter,31.8,5.6,1,2.5,20.0,84.0,7.6,57.2
CS-0361,Design,4,22,Commuter,12.4,7.3,0,0.4,0.0,156.0,3.6,87.4
CS-0412,Engineering,2,199,Hostel,19.8,7.1,7,3.3,0.0,15.0,4.7,55.3
CS-0012,Engineering,3,20,Hostel,27.5,7.2,5,3.5,0.0,9.0,8.6,44.0
CS-0470,Business,2,20,Home,12.2,7.2,1,3.0,19.0,41.0,5.8,76.6
CS-0006,Engineering,4,22,Home,25.4,8.2,0,3.7,15.0,26.0,4.7,62.5
CS-0111,Business,3,20,Home,14.8,6.4,4,2.4,0.0,28.0,4.5,75.3
CS-0345,Data Science,3,21,Hostel,18.0,6.4,1,1.2,0.0,18.0,4.4,999.0
CS-0414,Data Science,1,19,Commuter,27.5,,6,4.2,18.0,53.0,7.6,48.0
CS-0369,Engineering,2,20,Commuter,29.5,7.1,3,2.1,0.0,45.0,5.1,61.7
CS-0278,Data Science,3,21,Hostel,24.6,6.7,1,3.7,24.0,37.0,6.8,51.0
CS-0374,Business,4,22,Home,13.8,,0,2.7,13.0,23.0,7.9,71.5
CS-0169,Engineering,4,22,Hostel,19.1,5.9,4,1.8,0.0,11.0,6.9,48.2
CS-0444,Engineering,4,21,Hostel,18.9,7.7,3,1.5,18.0,5.0,5.2,51.2
CS-0430,Engineering,3,21,Home,32.6,7.9,0,1.5,0.0,21.0,4.9,67.5
CS-0153,Business,3,20,Home,20.7,7.4,2,3.6,0.0,43.0,3.3,66.5
CS-0372,Engineering,3,20,Home,28.6,5.7,2,1.7,0.0,53.0,6.9,65.4
CS-0079,Engineering,4,22,Home,20.9,6.4,2,2.4,0.0,29.0,7.2,56.1
CS-0175,Business,1,19,Hostel,21.5,,1,1.4,11.0,30.0,4.0,81.1
CS-0257,Business,4,22,Hostel,18.8,6.5,2,2.0,0.0,9.0,4.4,72.4
CS-0151,Business,2,19,Hostel,11.6,8.3,2,2.6,0.0,17.0,6.4,70.4
CS-0318,Engineering,3,21,Home,29.5,6.7,4,4.5,7.0,20.0,6.6,60.7
CS-0312,Data Science,2,20,Commuter,9.3,4.9,3,3.4,11.0,50.0,5.0,56.2
CS-0422,Data Science,1,19,Commuter,15.5,,2,3.3,15.0,69.0,7.6,62.3
CS-0053,Data Science,2,20,Commuter,13.8,6.7,2,0.3,21.0,26.0,2.2,44.1
CS-0188,Data Science,2,19,Home,12.7,,3,3.6,17.0,14.0,6.3,54.6
CS-0024,Data Science,1,19,Commuter,18.6,6.8,4,3.3,0.0,70.0,5.1,68.9
CS-0424,Design,2,19,Home,7.7,6.9,2,1.2,0.0,60.0,6.1,80.9
CS-0182,Engineering,3,20,Hostel,27.9,7.7,5,2.7,6.0,13.0,6.7,54.5
CS-0517,Biz,1,18,Home,8.7,5.5,4,2.9,27.0,46.0,8.4,44.2
CS-0263,design,3,21,Hostel,12.8,,0,1.8,8.0,12.0,6.1,89.4
CS-0022,Business,4,21,Hostel,17.7,7.7,2,1.6,0.0,8.0,2.4,64.5
CS-0349,Design,4,21,Home,12.3,8.5,1,3.3,0.0,31.0,7.9,85.9
CS-0160,Business,1,18,Hostel,22.9,7.5,3,3.7,0.0,8.0,7.1,78.3
CS-0181,Data Science,1,18,Commuter,29.9,6.2,4,1.9,0.0,66.0,4.6,73.7
CS-0068,Business,1,18,Commuter,13.6,7.4,0,3.1,11.0,70.0,8.1,62.4
CS-0305,Data Science,2,19,Hostel,23.1,5.7,4,4.4,19.0,7.0,6.7,63.8
CS-0338,Engineering,4,22,Home,24.2,9.2,1,3.7,0.0,32.0,6.5,55.2
CS-0301,Data Science,4,21,Commuter,25.2,6.9,2,2.2,0.0,29.0,5.8,70.7
CS-0391,Engineering,2,20,Hostel,29.6,6.6,6,2.2,12.0,21.0,6.5,68.1
CS-0140,Data Science,3,21,Hostel,19.5,25.0,0,3.2,0.0,17.0,3.6,63.8
CS-0385,Biz,2,19,Commuter,10.6,6.9,3,2.7,24.0,27.0,6.4,64.1
CS-0351,Business,3,21,Hostel,18.0,7.9,1,2.6,0.0,12.0,4.3,80.4
CS-0221,Engineering,1,18,Home,16.9,,1,2.4,11.0,19.0,3.8,50.6
CS-0300,Eng.,1,18,Hostel,26.4,8.3,2,3.1,8.0,13.0,4.2,56.9
CS-0059,Design,4,21,Hostel,18.1,6.9,1,4.5,0.0,5.0,5.6,89.5
CS-0039,Design,3,20,Commuter,1.0,5.9,1,2.5,7.0,60.0,4.0,78.9
CS-0226,DS,4,22,Hostel,19.8,8.1,2,2.7,12.0,22.0,6.9,68.3
CS-0344,Engineering,2,20,Hostel,28.9,5.7,3,3.3,0.0,22.0,4.7,49.0
CS-0485,BUSINESS ,1,19,Hostel,8.4,7.8,0,4.6,15.0,16.0,4.2,76.0
CS-0520,Business,3,20,Hostel,6.8,6.5,1,3.7,7.0,7.0,9.0,61.8
CS-0381,Data Science,4,21,Home,22.1,7.4,1,1.6,15.0,20.0,4.3,66.5
CS-0389,Design,3,20,Commuter,13.7,6.0,0,0.7,12.0,42.0,4.0,84.4
CS-0425,Data Science,2,20,Commuter,20.1,6.5,1,3.8,14.0,71.0,5.6,68.5
CS-0499,Design,4,21,Commuter,9.4,5.3,1,1.7,17.0,70.0,2.6,65.6
CS-0347,Data Science,1,18,Commuter,19.2,6.4,2,1.8,0.0,55.0,4.5,65.6
CS-0035,Business,3,20,Home,7.3,7.4,4,1.8,0.0,29.0,5.8,77.9
CS-0277,Business,2,19,Home,12.0,6.0,0,5.3,0.0,35.0,8.6,66.3
CS-0379,Business,2,19,Home,15.3,8.2,1,0.9,0.0,46.0,3.3,71.0
CS-0321,Data Science,4,22,Commuter,21.9,,1,2.2,9.0,143.0,3.1,58.5
CS-0465,Data Science,2,20,Commuter,15.4,6.8,1,3.3,19.0,128.0,7.2,53.5
CS-0419,Engineering,1,19,Commuter,21.1,,2,0.6,15.0,84.0,5.2,54.8
CS-0192,Engineering,2,19,Hostel,21.2,,8,5.1,0.0,19.0,7.2,52.6
CS-0255,data science,1,19,Commuter,25.7,5.7,4,4.8,0.0,68.0,8.4,63.8
CS-0286,Design,2,19,Hostel,1.1,7.2,0,2.0,0.0,7.0,4.1,73.9
CS-0443,Engineering,2,20,Hostel,22.0,,5,3.9,0.0,5.0,7.3,49.5
CS-0445,Engineering,1,19,Commuter,27.5,5.5,3,3.9,18.0,71.0,8.7,42.8
CS-0171,Data Science,1,18,Home,22.6,6.2,0,1.0,13.0,20.0,1.3,45.3
CS-0295,Data Science,4,22,Home,22.8,6.7,2,2.6,27.0,26.0,9.5,34.6
CS-0087,Business,2,19,Hostel,17.0,5.7,0,4.1,0.0,18.0,7.5,75.5
CS-0268,Engineering,3,21,Commuter,27.4,6.1,1,2.3,0.0,38.0,7.2,61.6
CS-0237,Business,3,21,Home,11.6,,1,0.8,19.0,18.0,2.5,57.4
CS-0416,Engineering,2,19,Home,36.6,7.0,2,3.6,0.0,40.0,10.0,44.4
CS-0065,Design,3,21,Home,3.3,8.2,1,2.3,14.0,19.0,7.4,80.4
CS-0355,Data Science,3,21,Hostel,20.8,8.2,2,5.3,8.0,6.0,7.8,62.4
CS-0243,Design,3,21,Home,6.7,7.3,0,3.0,0.0,15.0,5.1,80.9
CS-0095,Data Science,4,21,Hostel,19.6,6.8,0,3.2,0.0,20.0,6.1,67.4
CS-0015,Design ,3,21,Hostel,10.1,8.1,0,2.5,0.0,5.0,5.9,85.4
CS-0048,Engineering,4,22,Commuter,19.7,6.0,3,3.3,14.0,87.0,6.2,53.8
CS-0306,Engineering,4,22,Hostel,23.3,7.9,0,3.0,13.0,15.0,5.8,59.2
CS-0269,data science,1,18,Hostel,17.5,6.6,5,3.4,10.0,12.0,5.2,66.2
CS-0497,Design,2,19,Hostel,13.2,7.4,0,1.7,0.0,28.0,4.8,88.9
CS-0227,Design,2,20,Commuter,3.3,7.0,0,2.6,0.0,113.0,5.5,78.8
CS-0431,Data Science,3,20,Hostel,24.9,7.8,3,3.6,13.0,8.0,7.0,66.3
CS-0273,Engineering,2,20,Hostel,26.7,6.8,4,3.0,0.0,23.0,7.3,63.1
CS-0332,Design,1,19,Commuter,16.0,7.6,1,2.5,0.0,172.0,3.4,86.5
CS-0026,Data Science,2,20,Hostel,22.3,6.5,1,4.1,12.0,7.0,8.3,62.4
CS-0374,Business,4,22,Home,13.8,,0,2.7,13.0,23.0,7.9,71.5
CS-0109,Data Science,3,21,Commuter,55.0,7.4,1,1.1,0.0,52.0,9.6,69.2
CS-0446,Business,4,22,Home,12.3,,0,1.7,16.0,44.0,3.2,65.9
CS-0317,Engineering,2,19,Commuter,32.5,5.1,7,2.3,8.0,165.0,4.7,57.8
CS-0202,Business,3,20,Commuter,17.2,5.4,3,2.0,4.0,65.0,8.8,62.1
CS-0166,Data Science,1,18,Home,22.6,9.2,1,4.1,0.0,13.0,7.1,67.7
CS-0174,Engineering,1,19,Home,26.9,,3,2.0,18.0,33.0,2.8,47.9
CS-0185,Data Science,3,21,Hostel,20.3,7.8,0,1.6,14.0,18.0,4.0,65.5
CS-0090,Business,4,22,Home,14.2,6.1,1,5.5,22.0,50.0,6.8,70.5
CS-0469,Business,2,20,Hostel,15.7,6.7,1,2.2,0.0,14.0,6.1,84.6
CS-0294,Engineering,4,21,Hostel,25.6,,4,1.7,15.0,8.0,4.2,58.8
CS-0105,Engineering,1,19,Hostel,25.5,6.4,1,2.5,10.0,13.0,5.2,61.1
CS-0358,engineering,3,20,Commuter,31.2,7.0,2,2.2,13.0,51.0,5.7,62.3
CS-0247,Engineering,3,20,Hostel,26.3,8.9,5,2.5,18.0,6.0,3.4,45.2
CS-0456,Engineering,3,20,Home,29.1,6.7,2,1.3,8.0,29.0,6.6,64.0
CS-0161,Business,3,20,Home,14.1,6.6,1,1.5,0.0,31.0,4.9,78.4
CS-0089,Data Science,3,20,Hostel,22.8,6.7,3,3.3,13.0,9.0,8.1,61.5
CS-0215,Design,4,22,Hostel,8.2,8.1,1,3.1,0.0,23.0,8.0,76.6
CS-0098,Data Science,3,21,Home,19.3,6.0,1,3.4,0.0,16.0,6.1,69.8
CS-0019,Design,4,22,Commuter,5.5,6.5,1,3.0,0.0,137.0,7.2,78.7
CS-0364,Business,1,19,Hostel,16.3,7.3,2,4.0,5.0,11.0,4.5,71.1
CS-0191,Engineering,4,22,Home,20.8,7.8,2,2.7,6.0,66.0,5.4,53.8
CS-0103,Engineering,1,18,Home,21.1,,4,3.5,7.0,34.0,6.0,60.1
CS-0186,Engineering,2,19,Hostel,25.8,6.8,7,4.9,17.0,8.0,8.4,51.3
CS-0030,Business,2,19,Home,20.1,6.5,1,3.1,20.0,20.0,6.3,70.8
CS-0450,Design,2,20,Hostel,13.8,5.9,1,4.7,27.0,17.0,8.0,63.8
CS-0021,Engineering,1,19,Hostel,18.8,6.7,3,2.0,15.0,14.0,5.8,53.3
CS-0271,Business,4,22,Hostel,11.8,7.7,0,1.3,0.0,7.0,4.1,78.8
CS-0259,Business,4,22,Hostel,14.8,7.8,1,2.0,0.0,20.0,5.4,79.1
CS-0238,Business,1,19,Hostel,14.4,8.1,0,0.8,0.0,12.0,2.7,70.0
CS-0036,Business,4,22,Hostel,6.6,7.5,2,3.1,22.0,42.0,,52.2
CS-0145,design,2,19,Home,1.0,6.7,0,1.2,9.0,88.0,3.4,71.9
CS-0046,Data Science,1,19,Home,18.5,8.8,1,2.9,0.0,27.0,5.0,70.2
CS-0088,Business,3,20,Hostel,13.5,7.8,2,3.1,0.0,6.0,7.6,78.1
CS-0280,Design,2,20,Hostel,14.0,6.5,1,1.9,0.0,18.0,1.8,71.0
CS-0353,Business,3,20,Hostel,25.1,6.7,2,2.3,0.0,28.0,5.8,87.9
CS-0387,Engineering,3,20,Commuter,34.9,7.2,0,2.5,0.0,64.0,3.6,64.6
CS-0100,Data Science,4,22,Commuter,20.9,6.8,0,3.4,0.0,98.0,9.4,53.9
CS-0488,Business,1,18,Hostel,10.6,5.7,0,2.1,0.0,11.0,6.6,75.7
CS-0262,Data Science,2,19,Home,14.9,8.0,0,1.2,0.0,38.0,6.1,67.2
CS-0356,Design,2,20,Home,10.3,7.1,1,3.8,0.0,21.0,6.2,82.9
CS-0380,Data Science,4,21,Commuter,23.2,6.5,3,4.7,0.0,85.0,9.3,51.3
CS-0386,Business,3,21,Home,11.0,6.8,5,4.8,0.0,32.0,6.3,78.6
CS-0329,Business,1,18,Hostel,13.9,6.7,3,0.3,0.0,10.0,2.3,63.5
CS-0328,Engineering,2,19,Hostel,22.9,6.5,1,3.7,0.0,28.0,4.4,58.9
CS-0352,Engineering,3,20,Home,27.1,6.7,3,2.7,0.0,17.0,5.4,59.5
CS-0052,data science,4,21,Hostel,18.8,6.7,3,3.5,0.0,5.0,6.0,60.1
CS-0505,Data Science,3,21,Commuter,14.4,6.8,1,4.5,4.0,96.0,6.5,63.1
CS-0290,Engineering,3,21,Hostel,22.6,6.5,3,2.4,0.0,7.0,8.0,53.2
CS-0127,Biz,4,22,Commuter,15.7,5.9,4,0.3,0.0,63.0,1.0,53.9
CS-0108, Engineering,1,18,Hostel,26.8,7.2,4,2.0,0.0,5.0,4.7,62.4
CS-0038,Biz,3,20,Hostel,10.6,6.0,1,4.1,0.0,9.0,8.8,59.8
CS-0220,Engineering,2,19,Home,21.0,7.0,5,3.5,12.0,34.0,4.1,57.3
CS-0296,Business,4,22,Hostel,12.3,5.3,3,3.7,22.0,8.0,6.0,57.3
CS-0177,Business,2,19,Hostel,168.0,5.8,2,2.9,19.0,11.0,9.1,49.3
CS-0152,Business,2,19,Hostel,15.9,6.8,1,2.6,0.0,30.0,4.8,75.8
CS-0239,Data Science,3,20,Commuter,24.3,6.3,1,2.3,12.0,49.0,6.1,73.1
CS-0515,Engineering,2,19,Commuter,26.2,7.3,3,2.3,0.0,43.0,4.3,58.3
CS-0314,Data Science,2,20,Hostel,20.0,6.3,4,1.8,18.0,8.0,5.5,63.4
CS-0287,Data Science,4,22,Commuter,26.5,6.6,2,2.0,0.0,46.0,7.0,66.3
CS-0393,Design,3,21,Home,7.8,6.7,0,3.0,0.0,7.0,3.2,75.8
CS-0402,Business,1,19,Commuter,6.3,6.5,1,3.0,9.0,51.0,6.2,72.7
CS-0302,Eng.,1,19,Hostel,29.7,8.0,3,2.5,7.0,22.0,5.3,60.6
CS-0077,Design,1,19,Home,10.0,,2,2.9,26.0,17.0,2.7,52.9
CS-0432,Engineering,2,20,Hostel,19.8,8.2,2,3.0,9.0,11.0,5.6,55.0
CS-0337,Design,3,20,Home,7.7,6.9,1,3.0,9.0,25.0,6.1,105.0
CS-0121,Data Science,1,18,Commuter,18.9,6.5,1,2.2,0.0,80.0,7.2,64.0
CS-0040,Design,2,20,Commuter,12.7,6.6,3,2.7,0.0,95.0,4.9,85.8
CS-0439,Data Science,4,22,Commuter,21.2,5.4,2,4.9,8.0,92.0,9.3,45.6
CS-0217,Engineering,4,21,Home,34.2,7.6,5,3.4,0.0,28.0,5.5,67.4
CS-0229,Data Science,3,20,Hostel,18.4,6.9,1,3.3,0.0,24.0,2.8,62.8
CS-0008,Design,4,21,Commuter,13.9,5.5,0,5.1,25.0,95.0,5.8,74.5
CS-0092,Data Science,2,20,Commuter,18.7,9.0,1,3.0,5.0,69.0,5.1,61.2
CS-0146,Design,1,19,Commuter,11.2,5.5,2,2.2,14.0,41.0,7.2,73.7
CS-0258,Design,3,21,Home,10.1,6.7,2,2.0,17.0,45.0,4.8,79.5
CS-0173,Business,4,21,Hostel,20.4,,1,3.9,12.0,12.0,7.9,78.8
CS-0365,design,1,19,Hostel,17.5,8.5,1,2.8,0.0,28.0,4.3,87.7
CS-0477,Engineering,3,21,Hostel,61.0,5.8,0,3.2,26.0,11.0,9.6,70.6
CS-0214,Engineering,3,20,Home,27.4,6.4,3,3.4,0.0,21.0,7.2,55.0
CS-0093,Engineering,1,19,Commuter,20.4,6.4,0,3.2,11.0,59.0,3.7,53.2
CS-0303,Data Science,3,20,Hostel,24.3,6.3,2,2.8,10.0,11.0,7.8,70.7
CS-0056,Engineering,2,20,Home,28.9,7.5,1,0.7,0.0,22.0,4.8,68.7
CS-0490,business,2,19,Home,16.3,5.5,2,1.9,0.0,76.0,4.8,78.3
CS-0291,Biz,3,20,Hostel,14.0,7.1,0,2.0,0.0,8.0,5.6,75.2
CS-0112,Biz,2,20,Home,6.6,6.8,0,0.3,0.0,33.0,2.3,55.1
CS-0500,Data Science,1,19,Home,18.8,7.0,2,3.5,30.0,14.0,,45.5
CS-0413,design,1,19,Commuter,1.7,7.4,5,1.7,0.0,93.0,3.0,70.4
CS-0199,Business,2,19,Hostel,14.1,7.2,1,3.4,0.0,10.0,6.7,76.7
CS-0122,Data Science,2,19,Commuter,20.1,6.3,0,1.2,0.0,83.0,1.0,42.9
CS-0368,Engineering,2,20,Commuter,17.5,5.7,7,4.9,19.0,66.0,6.8,46.6
CS-0359,Business,1,18,Commuter,9.4,4.2,0,3.6,20.0,72.0,6.8,54.1
CS-0405,Engineering,3,21,Hostel,20.4,5.7,2,4.7,18.0,11.0,6.9,50.6
CS-0187,Design,3,20,Home,2.0,7.4,1,1.2,0.0,28.0,3.0,96.5
CS-0251,Engineering,4,22,Hostel,25.1,8.0,1,4.8,0.0,11.0,10.0,31.7
CS-0207,Design,4,21,Commuter,7.8,7.1,0,2.3,16.0,39.0,5.7,82.5
CS-0061,Data Science,1,18,Commuter,22.6,5.6,1,4.4,11.0,35.0,10.0,44.6
CS-0409,Engineering,4,21,Hostel,25.4,6.1,4,2.2,0.0,8.0,7.6,55.4
CS-0234,Data Science,2,20,Commuter,20.5,6.4,6,3.7,23.0,79.0,4.8,56.8
CS-0460, Engineering,2,20,Home,18.7,9.1,2,2.4,22.0,69.0,5.5,44.0
CS-0519,Engineering,4,21,Home,29.6,7.6,4,2.5,0.0,68.0,6.4,61.4
CS-0004,Engineering,3,20,Hostel,26.7,7.4,3,2.8,0.0,5.0,8.2,59.4
CS-0279,Data Science,3,20,Hostel,28.9,6.1,0,3.4,25.0,34.0,5.1,59.2
CS-0143,Engineering,1,18,Hostel,26.5,6.7,3,5.1,0.0,16.0,5.4,63.2
CS-0158,Data Science,4,22,Home,14.3,7.5,4,3.2,0.0,14.0,6.6,66.9
CS-0455,Engineering,2,20,Commuter,30.2,6.6,3,4.3,0.0,66.0,7.2,54.0
CS-0479,Design,2,20,Home,8.1,6.6,0,4.4,0.0,43.0,5.5,82.7
CS-0150,Data Science,2,19,Home,25.3,7.2,4,4.8,5.0,47.0,8.0,65.2
CS-0154,Business,4,22,Hostel,6.7,8.3,1,3.9,15.0,5.0,5.6,70.7
CS-0495,Business,4,22,Hostel,15.3,6.8,1,2.6,0.0,7.0,5.2,76.0
CS-0494,Business,2,19,Commuter,14.0,6.5,3,3.0,21.0,153.0,8.6,62.8
CS-0194,Data Science,4,21,Home,17.3,8.1,1,3.2,0.0,35.0,9.6,48.9
CS-0074,DS,1,18,Hostel,19.1,6.7,1,0.3,18.0,16.0,2.4,50.1
CS-0078,Design,4,21,Home,7.3,5.9,0,2.7,0.0,33.0,5.7,80.1
CS-0041,Biz,4,21,Hostel,17.1,,2,3.7,0.0,9.0,6.8,76.5
CS-0463,Data Science,2,19,Hostel,28.8,7.0,3,3.8,0.0,6.0,7.2,72.3
CS-0102,business,3,21,Home,12.1,6.1,0,4.8,0.0,53.0,7.9,72.6
CS-0464,Business,2,20,Hostel,15.3,8.0,1,3.1,19.0,28.0,4.4,70.0
CS-0491,Data Science,3,20,Hostel,15.1,6.9,1,4.6,14.0,7.0,,60.7
CS-0010,Data Science,3,20,Hostel,21.8,7.2,3,3.4,10.0,13.0,7.0,65.8
CS-0472,Engineering,1,18,Commuter,19.9,6.0,3,4.9,22.0,46.0,6.3,43.3
CS-0071,Data Science,2,19,Commuter,18.9,6.2,1,2.4,0.0,80.0,7.5,58.7
CS-0252,DS,1,18,Commuter,21.5,,2,2.9,11.0,224.0,6.6,71.4
CS-0406,Business,3,20,Hostel,15.3,6.8,1,0.6,0.0,11.0,2.5,67.7
CS-0511,Data Science,1,19,Home,22.2,,2,3.1,18.0,44.0,8.8,49.8
CS-0304,Data Science,2,20,Hostel,22.4,8.2,0,1.4,0.0,12.0,,73.0
CS-0504,Data Science ,1,19,Home,21.6,5.9,1,3.5,13.0,31.0,4.5,69.0
CS-0272,Business,3,21,Hostel,10.4,8.7,2,4.3,0.0,15.0,5.5,80.5
CS-0418,Design,2,20,Hostel,12.3,6.9,1,4.0,0.0,22.0,6.7,83.2
CS-0069,Business,2,19,Home,13.0,5.8,1,2.9,22.0,41.0,5.9,64.4
CS-0371,Business,3,21,Hostel,13.0,9.0,1,3.5,0.0,20.0,3.8,72.3
CS-0034,Data Science,1,19,Commuter,21.3,7.6,6,3.9,0.0,30.0,5.6,68.9
CS-0441,Data Science,4,22,Home,27.7,6.9,1,1.7,0.0,33.0,5.0,76.8
CS-0456,Engineering,3,20,Home,29.1,6.7,2,1.3,8.0,29.0,6.6,64.0
CS-0037,Design,2,19,Commuter,1.0,7.6,0,1.3,0.0,89.0,3.5,74.6
CS-0392,Business,3,21,Hostel,12.6,,4,1.9,0.0,16.0,6.6,67.8
CS-0452,Design,2,19,Commuter,1.5,6.2,1,2.6,12.0,79.0,5.4,77.4
CS-0043,Business,3,21,Hostel,12.7,7.0,3,3.6,10.0,12.0,5.2,79.7
CS-0433,Data Science,2,19,Commuter,19.4,4.9,1,3.1,18.0,150.0,6.0,57.6
CS-0025,Engineering,3,21,Hostel,28.2,4.7,5,3.6,0.0,20.0,6.7,49.4
CS-0362,Design,1,18,Commuter,11.0,6.4,2,2.3,12.0,70.0,4.5,87.1
CS-0124,Business,4,22,Hostel,12.5,7.2,0,2.7,20.0,11.0,6.7,65.8
CS-0042,Engineering,3,21,Hostel,26.6,7.4,2,3.0,0.0,11.0,6.5,53.3
CS-0407,Business,3,20,Hostel,18.2,8.9,0,2.2,0.0,22.0,4.2,75.7
CS-0420,Data Science,1,19,Commuter,18.8,6.2,1,2.9,0.0,60.0,5.6,69.3
CS-0083,Engineering,2,20,Home,25.8,7.1,5,3.8,0.0,45.0,7.0,64.7
CS-0130,Design,3,20,Home,10.9,,0,1.8,16.0,34.0,6.8,84.7
CS-0396,Business,3,20,Commuter,18.0,5.3,2,2.7,0.0,74.0,7.0,71.5
CS-0342,Engineering,4,22,Hostel,39.8,7.2,4,2.2,0.0,13.0,5.1,70.3
CS-0324,Data Science,4,22,Home,14.2,6.8,3,2.2,0.0,24.0,8.0,59.0
CS-0267,Business,4,22,Commuter,17.4,6.3,2,3.4,13.0,75.0,7.6,73.7
CS-0064,Design,4,22,Commuter,11.0,5.4,1,1.3,17.0,51.0,5.4,84.2
CS-0219,Biz,2,20,Hostel,17.4,7.1,0,6.0,4.0,5.0,8.9,68.1
CS-0235,Design,2,19,Home,10.6,6.5,1,3.3,0.0,48.0,9.6,64.8
CS-0327,Engineering,4,21,Hostel,30.9,6.9,1,3.6,14.0,19.0,8.3,56.9
CS-0454,Design,2,19,Hostel,9.4,7.7,1,4.7,0.0,10.0,7.0,89.2
CS-0297,business,3,20,Hostel,10.7,8.4,0,3.9,0.0,22.0,6.3,72.6
CS-0120,Data Science,3,21,Hostel,23.3,8.9,0,4.3,0.0,16.0,8.6,62.3
CS-0335,Engineering,1,19,Commuter,27.5,,2,4.7,17.0,51.0,8.5,38.1
CS-0224,Engineering,1,18,Home,32.5,7.3,1,2.9,0.0,31.0,4.3,63.8
CS-0307,engineering,2,20,Commuter,23.1,,2,1.3,20.0,122.0,1.0,26.7
CS-0512,Data Science,2,20,Hostel,21.0,6.8,1,3.2,0.0,13.0,4.2,59.7
CS-0058,Biz,3,21,Home,21.2,6.4,4,2.2,20.0,32.0,5.0,74.8
CS-0044,Data Science,2,20,Home,13.3,,2,3.0,11.0,18.0,5.5,65.4
CS-0285,Business,4,21,Home,11.0,,1,0.8,0.0,36.0,1.0,48.1
CS-0125,Design ,4,21,Commuter,9.5,6.5,0,2.6,0.0,87.0,3.1,85.8
CS-0086,Business,3,20,Commuter,10.4,5.7,0,1.0,12.0,199.0,4.1,66.7
CS-0148,Engineering,4,22,Home,28.0,7.4,3,3.2,0.0,24.0,5.9,57.4
CS-0320,DS,3,20,Hostel,17.0,8.5,2,3.5,0.0,10.0,6.9,65.5
CS-0323,Business,1,19,Hostel,19.0,7.0,2,3.3,17.0,17.0,8.0,73.3
CS-0128,data science,4,21,Home,23.1,8.3,1,1.9,0.0,21.0,5.7,75.3
CS-0195,business,4,22,Commuter,12.8,,3,3.4,15.0,54.0,5.2,80.1
CS-0081,Data Sci,2,20,Hostel,18.0,8.0,6,1.6,0.0,12.0,3.7,60.9
CS-0063,Data Science,1,19,Home,20.4,8.0,6,6.8,0.0,35.0,6.9,71.8
CS-0503,Engineering,1,18,Home,28.6,5.3,2,3.0,11.0,22.0,6.0,54.8
CS-0133,design,4,21,Hostel,9.8,6.7,2,1.8,0.0,18.0,2.6,76.6
CS-0434,BUSINESS ,2,19,Hostel,8.6,8.3,0,3.8,0.0,22.0,4.4,70.0
CS-0486,Engineering,4,22,Commuter,21.6,,2,2.5,17.0,72.0,5.7,44.6
CS-0198,BUSINESS ,1,18,Commuter,14.3,7.2,1,0.4,0.0,85.0,2.7,66.9
CS-0428,Data Science,4,21,Hostel,16.6,5.4,4,3.9,22.0,14.0,8.2,42.5
CS-0115,Engineering,4,21,Commuter,22.1,5.7,3,2.3,0.0,96.0,1.4,35.2
CS-0343,Business,3,21,Home,10.3,6.9,3,5.1,0.0,32.0,8.7,61.5
CS-0474,Data Science,3,21,Hostel,20.6,5.9,4,1.1,0.0,8.0,4.6,68.8
CS-0016,Business,1,19,Commuter,13.7,5.8,1,4.7,15.0,85.0,7.3,77.0
CS-0411,Data Science,1,18,Hostel,25.2,5.4,4,2.5,17.0,4.0,6.0,68.8
CS-0126,Design,4,22,Hostel,6.0,6.0,2,2.8,0.0,5.0,5.2,81.9
CS-0390,Design,2,19,Home,10.8,6.9,1,1.8,16.0,19.0,5.9,92.1
CS-0451,Business,2,19,Commuter,17.1,,0,2.2,19.0,105.0,7.0,65.8
CS-0032,Business,1,19,Hostel,9.6,6.7,1,2.9,9.0,5.0,4.7,76.5
CS-0205,Business,4,22,Hostel,7.1,7.8,2,2.8,0.0,27.0,5.8,74.4
CS-0131,data science,4,250,Home,23.8,7.5,4,2.4,0.0,32.0,5.0,68.4
CS-0265,Business,2,20,Commuter,18.4,7.2,0,1.1,0.0,73.0,1.1,52.9
CS-0325,Design,2,20,Home,9.7,6.0,1,2.7,22.0,19.0,7.0,82.1
CS-0162,BUSINESS ,1,19,Home,23.3,7.5,1,4.6,20.0,28.0,8.3,69.0
CS-0496,Engineering,2,19,Commuter,27.6,5.6,2,3.4,0.0,80.0,8.0,53.7
CS-0027,Engineering,1,18,Hostel,20.6,8.7,2,1.2,0.0,17.0,4.7,53.6
CS-0334,ENGINEERING,2,20,Hostel,39.3,6.9,3,2.4,28.0,14.0,4.1,43.1
CS-0076,Engineering,2,19,Home,31.4,7.3,1,3.7,0.0,35.0,5.0,61.1
CS-0514,Design,3,21,Hostel,10.9,6.6,1,1.2,20.0,10.0,3.5,77.9
CS-0282,Data Science,3,21,Hostel,13.6,7.2,2,1.4,0.0,12.0,5.4,64.8
CS-0319,Business,1,18,Hostel,18.2,5.9,0,4.7,16.0,10.0,8.2,66.1
CS-0363,Data Science,4,22,Commuter,13.0,8.3,1,4.1,0.0,93.0,5.9,68.9
CS-0336,Design,3,21,Hostel,9.6,6.8,0,2.7,13.0,6.0,6.5,82.9
CS-0366,Engineering,1,19,Commuter,34.0,6.5,3,2.8,0.0,40.0,6.9,68.9
CS-0228,Business,4,21,Hostel,18.7,5.5,1,3.6,21.0,10.0,7.0,66.5
